{"val/traj_type/right_turn_miss_rate":0.6666666865348816,"val/traj_type/stationary_miss_rate":0.5714285969734192,"val/traj_type/stationary_minADE6":1.7482727766036987,"val/traj_type/straight_brier_fde":6.78822660446167,"val/agent_types/vehicle_miss_rate":0.6229507923126221,"val/traj_type/left_turn_minFDE6":3.350322723388672,"val/agent_types/vehicle_minFDE6":4.320247173309326,"val/kalman/easy_miss_rate":0.6229507923126221,"val/nuscenes/minFDE6":4.320247173309326,"val/nuscenes/brier_fde":5.0996575355529785,"val/traj_type/stationary_brier_fde":4.378194332122803,"val/minADE6":1.9858087301254272,"val/kalman/easy_minFDE6":4.320247173309326,"val/traj_type/stationary_minFDE6":3.569098949432373,"val/brier_fde":5.0996575355529785,"val/loss":857.9381103515625,"val/kalman/easy_brier_fde":5.0996575355529785,"val/kalman/easy_minADE6":1.9858087301254272,"val/traj_type/left_turn_brier_fde":4.035068988800049,"val/traj_type/left_turn_miss_rate":0.5,"_wandb":{"runtime":147},"val/agent_types/vehicle_minADE6":1.9858087301254272,"val/traj_type/straight_right_miss_rate":0.5,"val/traj_type/straight_miss_rate":0.7058823704719543,"trainer/global_step":0,"val/minFDE6":4.320247173309326,"val/traj_type/straight_minADE6":2.8467636108398438,"_step":48,"epoch":0,"val/nuscenes/miss_rate":0.6229507923126221,"val/traj_type/left_turn_minADE6":1.7651035785675049,"val/traj_type/straight_right_brier_fde":1.9384419918060303,"_timestamp":1.7422871047866888e+09,"val/agent_types/vehicle_brier_fde":5.0996575355529785,"val/nuscenes/minADE6":1.9858087301254272,"val/traj_type/straight_minFDE6":5.948059558868408,"_runtime":146.789742365,"val/traj_type/straight_right_minFDE6":1.450312852859497,"val/traj_type/right_turn_minFDE6":4.224820613861084,"val/traj_type/right_turn_brier_fde":5.008719444274902,"prediction":{"width":640,"height":480,"format":"png","count":1,"filenames":["media/images/prediction_45_deed2971f01b05c49870.png"],"_type":"images/separated"},"val/traj_type/straight_right_minADE6":1.119200348854065,"val/traj_type/right_turn_minADE6":1.576338768005371,"val/miss_rate":0.6229507923126221}