{"_step":20,"val/minADE6":7.8755059242248535,"prediction":{"height":480,"format":"png","count":1,"filenames":["media/images/prediction_18_260335cd6a6dbc9f40b2.png"],"_type":"images/separated","width":640},"_wandb":{"runtime":71},"val/miss_rate":1,"epoch":0,"val/minFDE6":12.717251777648926,"val/nuscenes/brier_fde":13.68624496459961,"val/loss":4261.5458984375,"_runtime":63.858866339,"_timestamp":1.7422869151157217e+09}