{"train/minFDE6":2.0563647747039795,"_timestamp":1.7422881809133112e+09,"_step":8877,"train/nuscenes/minFDE6":2.0563647747039795,"val/minADE6":2.042818069458008,"train/loss_epoch":57.65120315551758,"trainer/global_step":3719,"train/nuscenes/brier_fde":117.6167984008789,"val/loss":786.0415649414062,"train/loss":26.75587272644043,"train/nuscenes/minADE6":0.9268376231193542,"val/minFDE6":4.77241849899292,"val/brier_fde":5.525999546051025,"val/nuscenes/brier_fde":5.525999546051025,"val/nuscenes/minADE6":2.042818069458008,"val/nuscenes/miss_rate":0.688524603843689,"epoch":39,"train/miss_rate":0.28436657786369324,"train/nuscenes/miss_rate":0.28436657786369324,"train/loss_step":111.60321044921875,"train/brier_fde":117.6167984008789,"val/miss_rate":0.688524603843689,"_wandb":{"runtime":937},"_runtime":936.402676806,"train/minADE6":0.9268376231193542,"val/nuscenes/minFDE6":4.77241849899292}